EmployeeID,Name,Address,Position,DepartmentID
102,Keith,51955 Joann Pike Apt. 276,Technical Support Specialist,3
310,Susan,12191 Amy Forges,IT Help Desk Specialist,10
86,Jennifer,48751 Moore Fords,User Support Technician,10
63,Angela,54132 Nicole Spurs,Support Engineer,8
264,Holly,24239 Nicole Streets Apt. 552,IT Support Analyst,3
137,Renee,Unit 4409 Box 1130,Desktop Support Technician,6
382,Jennifer,6956 Rubio Summit Suite 013,Help Desk Technician,5
483,Caitlin,564 Tammy Green Suite 624,User Support Technician,5
206,Madison,8358 Boyd Tunnel Apt. 331,User Support Technician,10
321,John,86566 Campbell Greens,Technical Support Specialist,8
18,Jesus,1186 Cox Shoals,IT Support Analyst,1
143,Matthew,25549 Jordan Court Suite 373,Customer Support Representative,8
79,Deanna,4558 Stephanie Parks,Technical Support Specialist,2
337,Philip,603 Carly Islands Suite 529,Service Desk Associate,7
188,Meghan,2565 Jones Ways Suite 037,Help Desk Administrator,7
6,Erik,USNS Anderson,Help Desk Administrator,10
274,Michael,1109 Stephens Forge,Support Engineer,4
425,Mary,49095 Henderson Lakes,IT Support Analyst,9
250,Michelle,488 Payne Prairie,User Support Technician,5
314,Derrick,USNS Lopez,Technical Support Specialist,4
187,Jason,1106 Jeanne Road,Help Desk Administrator,7
2,Valerie,07653 Thomas Forges Suite 642,User Support Technician,1
267,David,5526 Taylor Flat,Help Desk Administrator,1
449,Michele,609 Rodriguez Springs Apt. 312,IT Support Analyst,7
362,Justin,4268 Cunningham Stream,IT Support Analyst,8
29,Douglas,86796 Crawford Parkways,Service Desk Associate,6
378,Charles,16526 Stephenson Coves,Help Desk Administrator,8
368,Shannon,475 Walker Manors Suite 918,IT Help Desk Specialist,10
254,Linda,734 Zimmerman Circles Apt. 213,Help Desk Technician,1
499,Jenna,79223 Tammy Prairie Apt. 057,Technical Support Specialist,3
441,Michael,26481 Jimenez Extension Apt. 250,Technical Support Specialist,4
233,Sean,107 Erica Rest Suite 834,Technical Support Specialist,5
272,Gwendolyn,34393 Elizabeth Hill,Technical Support Specialist,3
287,Cameron,30514 Williams Inlet Apt. 860,Service Desk Associate,2
320,Michael,4586 Julian Cliffs,Desktop Support Technician,10
126,Joseph,45023 Ashley Summit,IT Support Analyst,8
450,Shannon,01877 Brown Place Suite 382,Desktop Support Technician,7
498,David,3759 Ramirez Locks,IT Help Desk Specialist,7
318,Joseph,18291 Bryan Roads,Technical Support Specialist,7
406,Eddie,20450 Nixon Course Apt. 183,Service Desk Associate,6
253,Michael,8774 Jennifer Corners Suite 779,IT Help Desk Specialist,3
32,Harry,30177 Flores Ferry,IT Help Desk Specialist,2
218,James,332 Rodriguez Squares,Help Desk Administrator,6
239,Steven,3546 Robin Ports,Customer Support Representative,10
350,Thomas,7591 Perez Tunnel,Help Desk Administrator,2
346,Yvonne,118 Jason Village Suite 834,Support Engineer,7
410,Juan,294 Joseph Summit Apt. 030,Service Desk Associate,6
1,Gregory,798 Courtney River Apt. 132,Help Desk Technician,2
204,Lisa,25769 Berg Rest Apt. 046,Customer Support Representative,9
312,Matthew,501 Ruiz Manors Suite 848,Support Engineer,4
177,Jonathan,30602 Newman Burgs,Desktop Support Technician,5
158,Lisa,9653 Schmidt Gateway Apt. 529,Desktop Support Technician,6
222,Larry,USNS Moore,Service Desk Associate,2
184,John,9327 Smith Forks Apt. 698,Service Desk Associate,4
376,Ricardo,3496 Nicholas Ramp,Support Engineer,3
329,Christopher,USCGC Andrews,Support Engineer,7
157,Edward,561 Bryan Skyway Apt. 599,Desktop Support Technician,8
316,Bonnie,6764 Knight Turnpike Apt. 282,IT Support Analyst,10
447,Lisa,0003 Miles Plaza Apt. 070,IT Help Desk Specialist,7
261,Heather,"PSC 6057, Box 7332",Customer Support Representative,2
308,Alicia,57736 Christopher Village Apt. 950,Desktop Support Technician,3
87,Judith,283 Grant Ridge,Help Desk Technician,9
38,Michael,8487 Amy Dale Suite 056,IT Support Analyst,9
236,Julia,03536 Stephanie Hill,User Support Technician,9
111,Donald,511 Martinez Centers Suite 803,Technical Support Specialist,10
183,Charles,95460 Eric Union Suite 654,Desktop Support Technician,4
97,Briana,256 Desiree Islands Apt. 204,Support Engineer,2
252,Bryan,USS Carter,Support Engineer,3
13,Benjamin,246 Melissa Light Suite 102,User Support Technician,3
438,Nichole,295 John Squares,Support Engineer,7
462,Robin,7728 Travis Cliff Apt. 709,Help Desk Technician,9
430,Katherine,86303 Michelle Stream,IT Help Desk Specialist,9
311,Matthew,374 Amanda Fort,Desktop Support Technician,7
80,Brittney,4502 Lam Club,IT Help Desk Specialist,1
50,Ronald,"PSC 8798, Box 8528",Desktop Support Technician,3
88,Samantha,557 Brad Groves Suite 499,IT Support Analyst,10
82,Randy,5120 Reyes Mountains Apt. 984,Help Desk Administrator,4
40,Andrea,12452 Gray Springs,Help Desk Technician,2
100,Dennis,64698 Jason Gardens,Support Engineer,1
364,Linda,USCGC Owen,Support Engineer,3
83,Thomas,6687 Adams Circle,Help Desk Technician,4
385,Patrick,USCGC Mcdowell,IT Support Analyst,7
319,Lynn,77522 Sara Cove Suite 471,Help Desk Technician,8
140,Christopher,593 John Hill,Help Desk Technician,5
152,Jeffrey,57798 Thomas Prairie Suite 899,Desktop Support Technician,7
295,Lisa,"PSC 6514, Box 5695",Support Engineer,7
89,Nicholas,978 Dana Wall Apt. 833,User Support Technician,9
169,Sandra,887 Wright Islands Apt. 129,Desktop Support Technician,6
400,Adam,1981 David Underpass Apt. 881,Help Desk Administrator,6
380,Tyler,92225 Sara Fords Apt. 638,User Support Technician,3
131,Faith,22288 Sanchez Locks,IT Support Analyst,1
136,Melanie,80924 Monique Ramp Apt. 700,Customer Support Representative,5
214,Beverly,39864 Ryan Vista Apt. 082,Service Desk Associate,10
390,Kathryn,380 Chapman Turnpike,Desktop Support Technician,10
121,Rachel,Unit 0766 Box 8663,IT Support Analyst,5
120,Nancy,2114 Smith Ways,Service Desk Associate,8
426,Brandy,062 Jeffrey Fall,Customer Support Representative,8
156,Katherine,USNV Robles,User Support Technician,9
492,Tina,USS Miller,Service Desk Associate,6
391,Adam,4681 Becker Pine,User Support Technician,8
322,Ellen,117 Robinson Inlet,Service Desk Associate,2
486,Jacob,29466 Margaret Haven,Support Engineer,1
325,Brandy,29484 Hodge Glen Suite 805,Support Engineer,9
408,Jason,696 Turner Vista Suite 244,Service Desk Associate,3
54,Angela,906 Irwin Terrace Apt. 654,IT Support Analyst,9
493,Patricia,54159 Johnson Ridge,IT Help Desk Specialist,2
423,Daniel,USNS Ortiz,Desktop Support Technician,4
416,Matthew,60872 Choi Causeway Suite 953,Technical Support Specialist,4
199,Charles,2412 Walker Forge Suite 236,IT Help Desk Specialist,2
303,Joel,08944 Leslie Point,IT Help Desk Specialist,7
128,Olivia,113 Watson Fork,Support Engineer,10
468,Matthew,3215 Jacob Dale Suite 459,Desktop Support Technician,5
358,Jonathan,248 Megan Valleys,Help Desk Administrator,4
22,John,90419 Daniels Locks Suite 238,IT Support Analyst,2
151,David,636 Courtney Extensions Suite 086,Desktop Support Technician,9
401,John,624 Eric Views Suite 016,IT Support Analyst,8
399,Christopher,08713 Thomas Radial Apt. 566,Service Desk Associate,6
70,Jennifer,5265 Cannon Island Suite 495,Desktop Support Technician,5
175,Blake,61105 Rachel Station Apt. 514,Customer Support Representative,2
178,Kendra,6152 Jonathan Islands,IT Help Desk Specialist,8
490,Steven,073 Dylan Coves,Desktop Support Technician,8
283,Ashley,189 Marks Valleys Suite 045,Technical Support Specialist,8
45,Jennifer,USCGC Bennett,Help Desk Technician,10
480,Wesley,82700 Margaret Lights,Support Engineer,5
147,Jessica,588 Daniels Views Suite 349,Help Desk Administrator,5
77,Francisco,64611 Sanchez Roads Apt. 252,User Support Technician,5
258,Brent,"PSC 4143, Box 4951",Help Desk Administrator,7
25,Bethany,71318 Jennifer Crossing Suite 737,Help Desk Administrator,1
10,Joseph,27611 Brittany Highway Suite 951,Customer Support Representative,3
363,Eric,424 Andrew Radial Apt. 149,IT Support Analyst,1
268,Annette,9368 Cruz Streets Suite 761,Technical Support Specialist,5
429,Micheal,236 Valencia River,Customer Support Representative,9
248,Kimberly,37506 James Underpass Suite 434,User Support Technician,1
108,Dustin,231 Sanchez Tunnel Suite 093,Help Desk Technician,8
171,Charles,63387 Robyn Lodge Apt. 693,Support Engineer,8
375,Timothy,USNV Cruz,Desktop Support Technician,9
259,Angela,738 Timothy Points,Service Desk Associate,3
418,Kelly,026 Robert Ramp,Service Desk Associate,5
98,Michael,1420 Alvarez Canyon Suite 869,Technical Support Specialist,8
432,Stephen,65085 Morton Trail,Support Engineer,5
296,Sierra,USS Kent,IT Help Desk Specialist,6
336,Sandra,8406 Johnston Springs Suite 542,Help Desk Technician,8
106,Shannon,1912 Beck Inlet Suite 961,Service Desk Associate,10
341,Brenda,65566 Alexander Wells Suite 299,Customer Support Representative,7
162,Lorraine,2738 Joshua Valley,IT Help Desk Specialist,4
53,Carlos,6896 Denise Knolls,Customer Support Representative,8
56,Samuel,064 Julia Station,Help Desk Technician,4
446,Jack,536 Carlson Flat Suite 584,Help Desk Technician,10
62,Matthew,1533 Jones Parkways,Support Engineer,1
373,Jose,31382 Wheeler Lodge,Customer Support Representative,2
41,Daniel,483 Thomas Forge Apt. 968,IT Help Desk Specialist,2
226,Sarah,15862 Vargas Land Apt. 149,Help Desk Technician,4
355,Donna,5377 Jeremy Freeway,IT Help Desk Specialist,4
488,Emma,22523 Schmitt Creek,Customer Support Representative,4
407,Robert,07673 Buck Circles Suite 420,User Support Technician,8
356,Christian,376 Hartman Well,Help Desk Technician,5
110,Ryan,6884 Larry Village,Customer Support Representative,10
464,Wendy,3543 Fowler Stream Suite 846,Customer Support Representative,8
357,Sarah,4590 Gloria Creek,Help Desk Administrator,5
209,Eric,9610 Brown Row,Help Desk Technician,6
452,Jennifer,899 Riley Brooks,Support Engineer,2
427,Todd,70297 Hardy Circles,Support Engineer,9
245,Steven,284 Garcia Centers,Technical Support Specialist,1
14,Kelly,87723 Holmes Road Suite 448,Service Desk Associate,9
467,Jack,52248 Wiley Ridge,Desktop Support Technician,2
257,Michael,4645 Richard Prairie,Desktop Support Technician,3
191,Robert,119 Lisa Gateway Suite 269,Support Engineer,10
8,Erica,66779 Simpson Village,User Support Technician,2
278,Ronald,29951 Melanie Isle Apt. 210,User Support Technician,6
211,Nicole,03650 Jones Shore,Technical Support Specialist,9
149,Andrew,USCGC Andrade,Technical Support Specialist,6
138,Joshua,"PSC 5018, Box 3416",IT Help Desk Specialist,7
203,Albert,USNS Webster,User Support Technician,6
404,Brenda,6944 Riley Meadows Suite 219,Service Desk Associate,10
114,Scott,4852 Craig Union,Support Engineer,1
453,Nicholas,18157 Walker Route Suite 114,IT Help Desk Specialist,3
194,Wendy,557 Simmons Skyway Apt. 890,Technical Support Specialist,2
489,Troy,72572 Christian Squares Apt. 407,Customer Support Representative,9
477,Steven,08749 Smith Village Apt. 029,Support Engineer,2
155,Pamela,0183 Jenkins Street Apt. 362,Service Desk Associate,2
129,William,USNV Bell,IT Support Analyst,7
349,Christy,4220 Christensen Forks,Service Desk Associate,2
458,Christina,916 Meyer Canyon,IT Help Desk Specialist,3
94,Jennifer,4784 Robin Trafficway Apt. 865,IT Support Analyst,7
388,Samuel,649 Jacobs Pass,Technical Support Specialist,1
165,Adam,925 Evans Route Suite 220,Technical Support Specialist,5
212,Henry,667 Andrews Ramp Apt. 184,Help Desk Technician,7
428,Glenn,6477 Gary Valley Apt. 105,User Support Technician,10
396,Martin,9760 Phillip Curve Suite 523,Help Desk Administrator,10
405,Laura,3659 Wood Gardens Suite 272,IT Help Desk Specialist,10
231,Michelle,2809 Benjamin Expressway,Help Desk Administrator,5
367,Jacqueline,298 Simmons Unions,IT Support Analyst,5
26,Anthony,973 Perry Passage Apt. 226,IT Help Desk Specialist,8
315,Brett,22006 Calvin Manor Suite 121,Desktop Support Technician,4
461,Matthew,748 James Turnpike,User Support Technician,2
290,John,6218 Torres Square,IT Help Desk Specialist,10
221,Gina,3331 Holland Rapids,Support Engineer,2
451,Wayne,9327 Zuniga Mission,Desktop Support Technician,5
443,Bonnie,USS Lowery,Support Engineer,8
457,Crystal,8653 Hess Gateway Apt. 928,Help Desk Technician,10
160,Stephen,346 Fuller Orchard,Support Engineer,10
294,Shannon,14126 Pierce Well,Service Desk Associate,10
119,Juan,7195 Moore Wall,Help Desk Administrator,4
338,David,6216 Mark Ways Suite 568,IT Help Desk Specialist,8
434,Melissa,14060 Alicia Row Apt. 352,Desktop Support Technician,9
282,Aaron,9286 Hannah Parkway Suite 337,Service Desk Associate,7
305,Jade,1980 Bailey Gardens,Customer Support Representative,4
469,Michael,9285 William Meadows,Customer Support Representative,9
59,Shane,14065 Anna Curve Apt. 015,Help Desk Administrator,9
71,Barbara,980 David Mountain Apt. 607,Service Desk Associate,7
220,Philip,1856 Lowery Forges Apt. 772,Desktop Support Technician,6
90,Norman,05624 Jonathan Mountains Suite 798,Support Engineer,6
95,Alison,755 Lynn Ways,Support Engineer,7
384,Tamara,24990 Patricia Village,Support Engineer,3
386,Christopher,8135 Daniel Greens,Desktop Support Technician,7
354,Jimmy,3968 Jocelyn Motorway Apt. 823,Technical Support Specialist,6
256,Michelle,6538 Michael Way Apt. 247,IT Help Desk Specialist,6
411,Carolyn,3420 Castaneda Meadow Suite 390,User Support Technician,8
28,James,"PSC 2823, Box 5168",Help Desk Administrator,4
397,Kaylee,7716 Gallagher Street,Desktop Support Technician,9
389,Meghan,766 Rebecca Court Suite 957,Support Engineer,1
344,Daniel,67201 Lisa Rest Suite 532,Help Desk Technician,3
33,Harold,786 Daniel Vista,Technical Support Specialist,8
271,Chad,800 Rhodes Greens Apt. 236,Service Desk Associate,7
328,Laura,07653 Jamie Squares,Desktop Support Technician,2
23,Elizabeth,"PSC 1956, Box 0732",Help Desk Technician,5
36,Jacqueline,08333 Dana Road,Support Engineer,1
472,Alan,USNS Underwood,Customer Support Representative,8
366,John,86632 Haley Street Suite 241,Desktop Support Technician,9
291,Sierra,3917 Lopez Mission Apt. 143,Customer Support Representative,6
72,Alejandra,99158 Mark Cliffs Suite 400,Help Desk Technician,1
173,Carrie,793 Young Inlet,IT Support Analyst,3
484,Matthew,801 Leslie Manors Apt. 986,Customer Support Representative,6
57,Gregory,753 Matthew Highway,Technical Support Specialist,3
437,Rose,75185 Barbara Cape Suite 303,Support Engineer,10
280,Melissa,67217 Ward Neck Suite 755,IT Support Analyst,5
476,Kristy,530 Hardy Streets Suite 096,Customer Support Representative,6
19,Margaret,06572 Pamela Walk,Help Desk Technician,9
496,Craig,434 Benjamin Stream,Service Desk Associate,2
4,Stephanie,99551 Smith Expressway,Desktop Support Technician,5
330,Susan,068 Kelsey Islands,IT Support Analyst,5
440,Isaac,"PSC 1012, Box 4180",Technical Support Specialist,6
456,Donna,74187 Patricia Rapids,Desktop Support Technician,9
174,Erik,072 Jones Vista,Support Engineer,9
289,Larry,4510 Gomez Field,Support Engineer,2
249,Christopher,105 Marshall Cape Apt. 482,Desktop Support Technician,7
442,Robin,0036 Stacy Heights Suite 567,Help Desk Technician,10
189,Savannah,413 Jonathan Lodge Apt. 126,Help Desk Administrator,2
281,Brittany,6272 Jennifer Course Apt. 404,Help Desk Technician,6
370,Lisa,660 Gregory Rest,Support Engineer,1
466,Norma,21011 Vaughn Shore Suite 093,Support Engineer,2
433,Megan,3970 Rogers Point,Desktop Support Technician,3
481,Anthony,06256 Julia View Apt. 276,Technical Support Specialist,2
306,John,"PSC 8042, Box 0152",Help Desk Technician,10
324,Caleb,61118 Robert Shoal,User Support Technician,5
494,Keith,8778 Michael Crescent,Support Engineer,8
298,Sara,77723 Evans Wall,Support Engineer,10
91,Jane,5651 Garrett Common,Desktop Support Technician,3
398,Sarah,772 Taylor Plain Apt. 876,Desktop Support Technician,2
409,Tracie,494 Gregory Mountains Suite 435,IT Support Analyst,6
470,Sydney,332 Sherry Overpass Apt. 610,Technical Support Specialist,5
150,William,1622 Diaz Mountain Suite 369,IT Help Desk Specialist,9
124,Rachel,53018 Christopher Camp Apt. 745,Desktop Support Technician,9
76,John,143 David Mountains Suite 853,Technical Support Specialist,3
471,Amber,178 Campbell Burgs Apt. 456,Help Desk Administrator,8
288,Julie,98255 Virginia Greens Suite 034,Help Desk Administrator,2
5,Connie,3691 Martha Fork Suite 253,Desktop Support Technician,3
103,Phillip,3139 Martin Lock Apt. 139,Help Desk Administrator,4
379,Amanda,18040 Berry Orchard,Help Desk Administrator,2
186,Michelle,3310 Robert Wells Suite 792,Desktop Support Technician,6
135,Matthew,88634 Brewer Brooks,Technical Support Specialist,5
61,Sabrina,029 Parker Fall Apt. 969,Support Engineer,6
487,Christina,0046 James Tunnel Suite 321,Service Desk Associate,9
454,Edward,908 Shaw Groves,IT Help Desk Specialist,3
66,Sarah,7333 Emma Branch Suite 479,Technical Support Specialist,7
269,Warren,240 Wade Mission Suite 552,Service Desk Associate,2
313,Logan,51664 Robert Lodge Suite 015,Help Desk Technician,2
198,Jordan,8702 Cobb Way Apt. 238,IT Help Desk Specialist,5
37,Christopher,5137 Theresa Unions,Support Engineer,1
11,Levi,38947 Fox Pass Suite 514,Service Desk Associate,6
235,Kimberly,980 Chris Forge,Help Desk Technician,9
31,Daniel,331 Rogers Lodge,Help Desk Administrator,2
495,Ryan,4373 Dennis Garden Suite 507,Support Engineer,2
12,Misty,817 Amanda Branch Apt. 481,Customer Support Representative,9
146,Joseph,801 Marco Estate,User Support Technician,10
473,Linda,198 Cox Expressway Suite 727,Service Desk Associate,9
327,Daniel,87013 Charles Summit,Support Engineer,6
217,Loretta,007 Jacob Points Apt. 227,Service Desk Associate,5
24,Jacob,6162 Daniel Heights,IT Support Analyst,9
420,Philip,9330 John Island Apt. 704,Technical Support Specialist,5
394,Francis,679 Hawkins Views Suite 920,Desktop Support Technician,3
372,Joseph,85585 Rickey Track,Technical Support Specialist,7
435,Pamela,9132 Santana Viaduct,Help Desk Administrator,4
130,Melinda,605 Janet Streets Apt. 328,Support Engineer,2
192,Kaylee,2882 Rachel Park,IT Support Analyst,7
215,Tiffany,987 Andrea Village,Service Desk Associate,3
42,Jeanne,875 Donna Loaf,User Support Technician,5
369,Alexander,3310 Archer Turnpike Apt. 320,Customer Support Representative,9
30,Jeremy,245 Connor Centers Suite 898,User Support Technician,6
139,Laura,801 Arthur Street Suite 653,Technical Support Specialist,6
419,Patricia,96430 Collin Drive Suite 110,Help Desk Administrator,10
348,Charlene,7645 Lisa Ways Suite 084,IT Support Analyst,9
265,Timothy,8995 Jenna Vista,Help Desk Technician,8
293,Jane,Unit 8567 Box 3743,Support Engineer,10
482,Andrew,3893 Gutierrez Mews Apt. 849,Desktop Support Technician,4
181,Sheri,70028 Joseph Estate Suite 777,IT Help Desk Specialist,9
227,Debbie,108 Christopher Ridges Suite 933,Customer Support Representative,6
270,Randy,04563 Phillips Mountains Suite 298,User Support Technician,4
497,Catherine,Unit 5232 Box 7323,Service Desk Associate,3
132,Angela,52446 Danielle Corner Apt. 530,Desktop Support Technician,8
85,Katie,8454 Baker Isle,IT Support Analyst,9
196,Carolyn,0625 Brown Rue Suite 198,IT Help Desk Specialist,4
65,Thomas,4384 Summers Circle Suite 010,Support Engineer,6
247,Chad,0750 Claudia Mountains Apt. 185,IT Support Analyst,7
392,James,0005 White Mill,Support Engineer,8
500,Scott,13349 Amy Park Apt. 383,Technical Support Specialist,8
75,Donald,93522 Trevor Land,Help Desk Technician,5
474,Jodi,35345 James Fields Apt. 934,IT Support Analyst,2
371,Maria,63213 Patricia Coves Suite 850,IT Help Desk Specialist,9
387,Mary,49306 Rachel Squares Apt. 081,Desktop Support Technician,8
202,Kenneth,554 Crystal Lock,IT Help Desk Specialist,8
96,Vincent,66247 Hoffman Throughway Suite 080,Service Desk Associate,7
109,Lori,6237 Roberts Centers Apt. 755,IT Support Analyst,5
444,Rachel,58005 Glenda Groves,Desktop Support Technician,1
115,Randy,6767 Taylor Points,IT Support Analyst,9
335,Paul,9308 Moore Viaduct,Desktop Support Technician,3
170,William,Unit 4424 Box 6177,IT Support Analyst,10
276,Haley,313 Jake Springs Apt. 586,Help Desk Administrator,10
332,Carrie,216 Morgan Mall Suite 799,Service Desk Associate,2
448,Gregory,00637 Hernandez Points Apt. 162,Customer Support Representative,10
285,Linda,721 Washington Crest Apt. 630,Customer Support Representative,6
279,Melissa,84683 Lee Fields,Service Desk Associate,4
284,Kenneth,407 Weiss Spur,Help Desk Administrator,3
263,James,1470 Audrey Inlet Apt. 158,Desktop Support Technician,7
46,Matthew,01440 Zamora Crossroad,Support Engineer,9
159,Amanda,667 Melinda Trafficway Apt. 768,Help Desk Administrator,3
326,Dawn,46043 Lopez Ports Suite 290,IT Support Analyst,6
412,Angela,2564 Malik Pass,Technical Support Specialist,3
144,Scott,77716 Wells Mountains,IT Support Analyst,10
213,Ashley,4146 Marissa Trace Suite 798,User Support Technician,4
118,Michael,9999 Moore Terrace,Desktop Support Technician,2
436,Christopher,96308 Bartlett Estate,Service Desk Associate,6
74,Anna,66833 Potter Plain,Technical Support Specialist,10
200,James,33821 Amber Overpass,Customer Support Representative,5
260,Daniel,49243 Mcconnell Walk Suite 678,Desktop Support Technician,1
16,Jessica,47138 Ramos Avenue,Customer Support Representative,7
116,Robert,USS Jordan,Help Desk Technician,8
134,Ellen,64930 Sean Hollow,IT Support Analyst,2
360,Angela,29545 Mckee Orchard Suite 772,IT Support Analyst,9
163,April,537 Kevin Lights Apt. 048,Technical Support Specialist,1
197,William,636 Stone Parkway,IT Support Analyst,2
21,Elizabeth,4482 Robertson Lock,Help Desk Administrator,5
383,Glen,0383 Haley Springs Suite 878,Technical Support Specialist,6
78,George,2694 Benson Fields Suite 269,Help Desk Administrator,1
73,Jeanne,443 Cody Road,Help Desk Administrator,10
127,Brian,6531 Danny Land,Service Desk Associate,9
334,Stephanie,7144 Kimberly Course Suite 793,User Support Technician,6
347,Stephanie,211 Williams Port,Customer Support Representative,7
35,Mary,10502 Natalie Court,Help Desk Technician,2
333,Joseph,6352 Mikayla Crossing Suite 459,Desktop Support Technician,8
81,Mercedes,352 West Junctions,Help Desk Administrator,8
273,Jeremy,14063 Charles Vista,Desktop Support Technician,2
113,Renee,"PSC 2016, Box 5070",IT Help Desk Specialist,5
148,Luis,1965 Palmer Overpass Suite 971,Support Engineer,8
300,Jacob,321 Michael Mall Apt. 266,Service Desk Associate,1
9,John,"PSC 8541, Box 4387",IT Help Desk Specialist,6
485,Christine,707 Bradshaw Parks Suite 503,Customer Support Representative,2
317,Randy,67292 Carla Mills,Technical Support Specialist,6
345,Crystal,7409 Kara Plains Apt. 140,Customer Support Representative,5
123,Collin,66139 Amanda Ford Suite 787,User Support Technician,2
228,Julie,9877 Rasmussen Wells Suite 411,Help Desk Technician,8
475,Jacob,094 Robert Extension,Service Desk Associate,10
64,Daniel,957 Lawson Ports,Customer Support Representative,5
459,Matthew,909 Kimberly Haven,Help Desk Administrator,6
168,Krystal,675 Young Hill Apt. 632,IT Help Desk Specialist,9
210,James,3218 Walker Mission,Help Desk Technician,8
424,Kevin,668 Bautista Pines,Service Desk Associate,1
84,Chad,9130 Christine Garden,Help Desk Technician,2
307,Melody,2845 Daniel Heights Suite 268,User Support Technician,10
246,Sarah,88740 Thompson Rest Apt. 017,Help Desk Technician,1
343,Lisa,7303 Walker Ways,IT Help Desk Specialist,4
352,Latoya,76825 Mary Forges,IT Support Analyst,9
238,Ashley,104 Meghan Throughway Suite 339,Technical Support Specialist,6
20,Peter,153 Christopher Square Apt. 278,Technical Support Specialist,2
43,Tara,3687 Berg Fork,IT Support Analyst,8
172,Andrew,Unit 2966 Box 4927,Customer Support Representative,4
55,John,27563 Heidi Throughway Suite 032,Technical Support Specialist,7
402,Patrick,33396 Scott Oval Apt. 358,Help Desk Administrator,7
455,Tina,7921 Myers Locks,Desktop Support Technician,10
176,Joshua,880 Wheeler Squares,Customer Support Representative,2
60,Chase,14330 Torres Manor,Service Desk Associate,4
240,Michelle,168 Ryan Turnpike,Technical Support Specialist,8
421,Brittney,4617 Woods Mews,IT Help Desk Specialist,4
3,Matthew,380 Duke Underpass Apt. 191,Help Desk Administrator,5
309,Ray,64843 Emily Squares,IT Support Analyst,5
190,Ashley,7859 Brian Shoal Suite 426,Support Engineer,10
351,Lindsay,341 Bonnie Fort,IT Help Desk Specialist,6
266,Stephen,Unit 1446 Box 0385,Customer Support Representative,10
237,Christopher,"PSC 3679, Box 5470",Service Desk Associate,6
225,Patrick,7805 Rebecca Alley,Technical Support Specialist,9
286,Amber,6863 Martinez View,Customer Support Representative,10
431,Jennifer,638 Pennington Unions Suite 101,Help Desk Technician,5
201,Keith,08200 Horn Manor Apt. 189,Customer Support Representative,9
255,Joshua,USNV Brown,IT Help Desk Specialist,1
92,Tony,213 Amber Isle Suite 945,IT Help Desk Specialist,1
34,Jared,57300 Marissa Plaza Apt. 030,Customer Support Representative,3
302,Christy,USS Green,Help Desk Technician,1
365,Karen,73838 James Garden Suite 301,IT Help Desk Specialist,7
104,Jacqueline,348 Terry Ports Suite 207,IT Help Desk Specialist,7
15,Christina,3889 Thomas Street,Customer Support Representative,5
164,Matthew,99673 Bennett Cliff Apt. 265,Desktop Support Technician,8
478,Richard,75416 Mitchell Squares,Help Desk Administrator,6
361,Candace,609 Cortez Route,Customer Support Representative,4
208,Rachel,160 Pamela Stravenue,Customer Support Representative,10
67,Jason,72126 Patterson Glen,Help Desk Administrator,9
107,Amber,05705 Buck Mountain,Help Desk Technician,6
395,Jason,USS Harris,Desktop Support Technician,1
277,John,2702 James Summit,IT Help Desk Specialist,7
48,Miguel,13096 Kara Turnpike Suite 262,Desktop Support Technician,10
230,Joseph,32864 Frye Land,Service Desk Associate,3
377,Rose,894 Schultz Fords,Support Engineer,6
219,Sandra,15284 Flores Cape,User Support Technician,1
27,Amanda,23670 Michael Throughway Suite 136,User Support Technician,2
342,Kevin,9480 Martinez Camp,IT Help Desk Specialist,8
193,Whitney,416 Patterson Mission Suite 420,Support Engineer,6
154,Marcus,793 Edwards Ridges Suite 580,Help Desk Technician,10
381,Peter,32508 Dale Rest Suite 063,IT Support Analyst,1
179,Jillian,3419 Anderson Junctions Apt. 441,IT Help Desk Specialist,4
331,Tricia,"PSC 7950, Box 1905",Help Desk Administrator,4
359,Sherri,6194 Bray Stream,Help Desk Technician,4
251,Rebecca,99543 Collins Dam Suite 854,IT Help Desk Specialist,7
242,John,3126 Christopher Gateway Apt. 493,IT Support Analyst,2
353,Jeffrey,0979 Rebecca Pine Suite 227,Technical Support Specialist,6
205,Jessica,981 John Islands,Technical Support Specialist,2
69,Mark,3972 Amber Motorway,Customer Support Representative,7
112,Patricia,9217 Michael Glen Suite 016,IT Support Analyst,8
491,Tracy,7653 Beasley View,Desktop Support Technician,6
52,Phillip,2108 Good Via,Help Desk Administrator,5
68,Vanessa,9039 Ryan Burgs,Help Desk Administrator,10
142,Kevin,934 Shannon Branch Apt. 425,Service Desk Associate,9
223,Gabriel,60787 Matthew Rapids Apt. 578,Desktop Support Technician,6
195,Lori,359 Carpenter Radial Suite 190,Technical Support Specialist,2
465,Daniel,4492 Wilson Crossing,Help Desk Technician,5
413,Timothy,"PSC 5758, Box 6347",Customer Support Representative,9
224,Brittany,830 Bailey Port Apt. 681,User Support Technician,2
374,Michael,12440 Kaylee Street,User Support Technician,10
439,Amy,715 Antonio Plain,Help Desk Technician,3
275,Matthew,51293 Dustin Cove Suite 043,Support Engineer,2
7,Sean,"PSC 0709, Box 2426",Help Desk Technician,1
167,Emily,91337 Stevens Drives Apt. 904,Help Desk Administrator,4
161,Brent,4694 Lee Spur Suite 226,Help Desk Administrator,8
422,Brandi,18843 Ryan Ports Apt. 734,Support Engineer,9
414,Gregory,"PSC 0558, Box 9511",Help Desk Technician,5
339,Robert,9456 Stephanie Extension,IT Support Analyst,1
340,Jennifer,45940 Mccarthy Terrace Apt. 770,Technical Support Specialist,8
185,Jasmine,841 Mallory Crescent Apt. 558,Desktop Support Technician,7
153,Gary,36999 Lisa Rapid,Technical Support Specialist,10
47,Michael,21581 Evans Trafficway Apt. 006,User Support Technician,6
44,William,11423 Carter Road Apt. 185,Customer Support Representative,8
292,Jared,1904 Jared Bridge Apt. 089,Help Desk Technician,7
180,Danielle,1732 Xavier Coves,Service Desk Associate,1
299,Kristina,018 Lisa Green Apt. 769,Help Desk Administrator,3
58,Kristina,421 Michael Valleys Suite 321,Technical Support Specialist,4
232,Adrienne,11187 Crystal Light Apt. 243,Technical Support Specialist,7
323,Ricky,090 Linda Mews Suite 420,Technical Support Specialist,7
182,Paula,10101 Collins Canyon Apt. 232,Help Desk Administrator,9
297,Brenda,13166 Patricia Summit Suite 692,Support Engineer,9
241,Jennifer,36329 Shannon Garden,Technical Support Specialist,9
262,Lindsey,4816 Victoria Motorway Apt. 449,Support Engineer,2
207,Jason,6752 Donovan Dale,Service Desk Associate,5
415,Kenneth,27029 Kelly Walks Apt. 248,Customer Support Representative,10
101,Lisa,08423 Richard Fords Suite 152,User Support Technician,2
125,Miguel,7910 Stephens Glens Suite 767,Desktop Support Technician,9
105,Alicia,302 Dustin Underpass,Support Engineer,5
51,Lisa,63552 Vazquez Orchard,Support Engineer,6
393,William,USS Griffith,User Support Technician,1
216,Jacob,1840 Martin Ferry Apt. 901,Customer Support Representative,1
445,Albert,339 Eileen Ridges,IT Help Desk Specialist,8
122,Lisa,35530 Lucas Isle Apt. 279,Help Desk Administrator,8
234,Joseph,1680 Willis Mill,Technical Support Specialist,7
460,Melvin,92266 Carlos Crest,Service Desk Associate,4
39,Ronald,60439 Jennifer Hills Suite 681,Support Engineer,2
403,Tim,153 Wong Burgs,IT Support Analyst,8
301,David,18850 Day Square Apt. 677,Desktop Support Technician,10
93,Connie,814 Schmitt Unions,Help Desk Administrator,8
133,Adam,44641 Kelsey Streets Suite 328,Help Desk Technician,10
244,Jacob,42610 Lisa Brook Suite 904,User Support Technician,5
117,Tina,68791 Cameron Brooks Suite 471,Help Desk Technician,1
304,Ann,577 Ronald Plains Suite 873,User Support Technician,7
229,Rachel,8378 Owens Ford,IT Help Desk Specialist,1
17,Ruben,167 Michele Greens,Support Engineer,7
99,Martha,753 Joel Lights Apt. 724,Support Engineer,4
166,Adam,"PSC 3633, Box 1461",User Support Technician,5
417,Katherine,0109 Matthew Squares,IT Help Desk Specialist,8
49,Misty,Unit 4133 Box 0498,Help Desk Technician,4
463,Laurie,"PSC 6426, Box 5628",IT Help Desk Specialist,6
145,Joshua,010 Harrison Springs Apt. 101,User Support Technician,6
141,Peter,USS Green,IT Support Analyst,3
243,Natalie,74883 Pittman Skyway Apt. 944,Technical Support Specialist,8
479,Walter,74962 Jackson Key,IT Support Analyst,8
